-- Insert Size
INSERT INTO `shopbuy_service`.`size` (`ID`, `NAME`, `IS_DELETED`) VALUES ('4', 'L', '0');
INSERT INTO `shopbuy_service`.`size` (`ID`, `NAME`, `IS_DELETED`) VALUES ('5', 'XL', '0');
INSERT INTO `shopbuy_service`.`size` (`ID`, `NAME`, `IS_DELETED`) VALUES ('6', 'XXL', '0');

INSERT INTO `shopbuy_service`.`size` (`ID`, `NAME`, `IS_DELETED`) VALUES ('7', '26', '0');
INSERT INTO `shopbuy_service`.`size` (`ID`, `NAME`, `IS_DELETED`) VALUES ('8', '27', '0');
INSERT INTO `shopbuy_service`.`size` (`ID`, `NAME`, `IS_DELETED`) VALUES ('9', '28', '0');
INSERT INTO `shopbuy_service`.`size` (`ID`, `NAME`, `IS_DELETED`) VALUES ('10', '29', '0');
INSERT INTO `shopbuy_service`.`size` (`ID`, `NAME`, `IS_DELETED`) VALUES ('11', '30', '0');
INSERT INTO `shopbuy_service`.`size` (`ID`, `NAME`, `IS_DELETED`) VALUES ('12', '31', '0');

-- Insert Color
INSERT INTO `shopbuy_service`.`color` (`NAME`, `CODE`, `ACRONYM`, `IS_DELETED`) VALUES ('Màu xanh dương', '#0000FF', 'BL', '0');
INSERT INTO `shopbuy_service`.`color` (`NAME`, `CODE`, `ACRONYM`, `IS_DELETED`) VALUES ('Màu Vàng', '#FFFF00', 'YL', '0');
INSERT INTO `shopbuy_service`.`color` (`NAME`, `CODE`, `ACRONYM`, `IS_DELETED`) VALUES ('Màu Hồng', '#FF00FF', 'PK', '0');

-- INSERT INTO `shopbuy_service`.`color` (`NAME`, `CODE`, `ACRONYM`, `IS_DELETED`) VALUES ('Gray', '#808080', 'GR', '0');
-- INSERT INTO `shopbuy_service`.`color` (`NAME`, `CODE`, `ACRONYM`, `IS_DELETED`) VALUES ('Green', '#008000', 'GRE', '0');
-- INSERT INTO `shopbuy_service`.`color` (`NAME`, `CODE`, `ACRONYM`, `IS_DELETED`) VALUES ('Orange', '#FF9900', 'OR', '0');

-- -- Insert Variant
INSERT INTO `shopbuy_service`.`variant` (`COLOR_ID`, `SIZE_ID`, `PRODUCT_ID`) VALUES ('3', '3', '1');
INSERT INTO `shopbuy_service`.`variant` (`COLOR_ID`, `SIZE_ID`, `PRODUCT_ID`) VALUES ('4', '3', '1');
INSERT INTO `shopbuy_service`.`variant` (`COLOR_ID`, `SIZE_ID`, `PRODUCT_ID`) VALUES ('5', '3', '1');
INSERT INTO `shopbuy_service`.`variant` (`COLOR_ID`, `SIZE_ID`, `PRODUCT_ID`) VALUES ('6', '3', '1');
INSERT INTO `shopbuy_service`.`variant` (`COLOR_ID`, `SIZE_ID`, `PRODUCT_ID`) VALUES ('1', '1', '2');
INSERT INTO `shopbuy_service`.`variant` (`COLOR_ID`, `SIZE_ID`, `PRODUCT_ID`) VALUES ('2', '2', '2');
INSERT INTO `shopbuy_service`.`variant` (`COLOR_ID`, `SIZE_ID`, `PRODUCT_ID`) VALUES ('4', '3', '2');
INSERT INTO `shopbuy_service`.`variant` (`COLOR_ID`, `SIZE_ID`, `PRODUCT_ID`) VALUES ('5', '3', '2');
INSERT INTO `shopbuy_service`.`variant` (`COLOR_ID`, `SIZE_ID`, `PRODUCT_ID`) VALUES ('1', '1', '3');
INSERT INTO `shopbuy_service`.`variant` (`COLOR_ID`, `SIZE_ID`, `PRODUCT_ID`) VALUES ('3', '3', '3');
INSERT INTO `shopbuy_service`.`variant` (`COLOR_ID`, `SIZE_ID`, `PRODUCT_ID`) VALUES ('4', '3', '3');
INSERT INTO `shopbuy_service`.`variant` (`COLOR_ID`, `SIZE_ID`, `PRODUCT_ID`) VALUES ('5', '3', '3');
INSERT INTO `shopbuy_service`.`variant` (`COLOR_ID`, `SIZE_ID`, `PRODUCT_ID`) VALUES ('1', '1', '4');
INSERT INTO `shopbuy_service`.`variant` (`COLOR_ID`, `SIZE_ID`, `PRODUCT_ID`) VALUES ('4', '1', '4');
INSERT INTO `shopbuy_service`.`variant` (`COLOR_ID`, `SIZE_ID`, `PRODUCT_ID`) VALUES ('5', '1', '4');
INSERT INTO `shopbuy_service`.`variant` (`COLOR_ID`, `SIZE_ID`, `PRODUCT_ID`) VALUES ('6', '1', '4');
INSERT INTO `shopbuy_service`.`variant` (`COLOR_ID`, `SIZE_ID`, `PRODUCT_ID`) VALUES ('1', '1', '5');
INSERT INTO `shopbuy_service`.`variant` (`COLOR_ID`, `SIZE_ID`, `PRODUCT_ID`) VALUES ('4', '2', '5');
INSERT INTO `shopbuy_service`.`variant` (`COLOR_ID`, `SIZE_ID`, `PRODUCT_ID`) VALUES ('5', '2', '5');
INSERT INTO `shopbuy_service`.`variant` (`COLOR_ID`, `SIZE_ID`, `PRODUCT_ID`) VALUES ('6', '2', '5');
INSERT INTO `shopbuy_service`.`variant` (`COLOR_ID`, `SIZE_ID`, `PRODUCT_ID`) VALUES ('1', '1', '6');
INSERT INTO `shopbuy_service`.`variant` (`COLOR_ID`, `SIZE_ID`, `PRODUCT_ID`) VALUES ('2', '3', '6');
INSERT INTO `shopbuy_service`.`variant` (`COLOR_ID`, `SIZE_ID`, `PRODUCT_ID`) VALUES ('3', '3', '6');
INSERT INTO `shopbuy_service`.`variant` (`COLOR_ID`, `SIZE_ID`, `PRODUCT_ID`) VALUES ('4', '3', '6');
INSERT INTO `shopbuy_service`.`variant` (`COLOR_ID`, `SIZE_ID`, `PRODUCT_ID`) VALUES ('4', '1', '7');
INSERT INTO `shopbuy_service`.`variant` (`COLOR_ID`, `SIZE_ID`, `PRODUCT_ID`) VALUES ('5', '2', '7');
INSERT INTO `shopbuy_service`.`variant` (`COLOR_ID`, `SIZE_ID`, `PRODUCT_ID`) VALUES ('4', '1', '8');
INSERT INTO `shopbuy_service`.`variant` (`COLOR_ID`, `SIZE_ID`, `PRODUCT_ID`) VALUES ('5', '2', '8');
INSERT INTO `shopbuy_service`.`variant` (`COLOR_ID`, `SIZE_ID`, `PRODUCT_ID`) VALUES ('6', '3', '8');
INSERT INTO `shopbuy_service`.`variant` (`COLOR_ID`, `SIZE_ID`, `PRODUCT_ID`) VALUES ('2', '2', '9');
INSERT INTO `shopbuy_service`.`variant` (`COLOR_ID`, `SIZE_ID`, `PRODUCT_ID`) VALUES ('4', '2', '9');
INSERT INTO `shopbuy_service`.`variant` (`COLOR_ID`, `SIZE_ID`, `PRODUCT_ID`) VALUES ('5', '2', '9');
INSERT INTO `shopbuy_service`.`variant` (`COLOR_ID`, `SIZE_ID`, `PRODUCT_ID`) VALUES ('1', '1', '10');
INSERT INTO `shopbuy_service`.`variant` (`COLOR_ID`, `SIZE_ID`, `PRODUCT_ID`) VALUES ('2', '2', '10');
INSERT INTO `shopbuy_service`.`variant` (`COLOR_ID`, `SIZE_ID`, `PRODUCT_ID`) VALUES ('3', '3', '10');
INSERT INTO `shopbuy_service`.`variant` (`COLOR_ID`, `SIZE_ID`, `PRODUCT_ID`) VALUES ('1', '1', '11');
INSERT INTO `shopbuy_service`.`variant` (`COLOR_ID`, `SIZE_ID`, `PRODUCT_ID`) VALUES ('4', '2', '11');
INSERT INTO `shopbuy_service`.`variant` (`COLOR_ID`, `SIZE_ID`, `PRODUCT_ID`) VALUES ('5', '2', '11');
INSERT INTO `shopbuy_service`.`variant` (`COLOR_ID`, `SIZE_ID`, `PRODUCT_ID`) VALUES ('1', '1', '12');
INSERT INTO `shopbuy_service`.`variant` (`COLOR_ID`, `SIZE_ID`, `PRODUCT_ID`) VALUES ('4', '2', '12');
INSERT INTO `shopbuy_service`.`variant` (`COLOR_ID`, `SIZE_ID`, `PRODUCT_ID`) VALUES ('5', '3', '12');
INSERT INTO `shopbuy_service`.`variant` (`COLOR_ID`, `SIZE_ID`, `PRODUCT_ID`) VALUES ('6', '3', '12');
INSERT INTO `shopbuy_service`.`variant` (`COLOR_ID`, `SIZE_ID`, `PRODUCT_ID`) VALUES ('1', '1', '13');
INSERT INTO `shopbuy_service`.`variant` (`COLOR_ID`, `SIZE_ID`, `PRODUCT_ID`) VALUES ('2', '1', '13');
INSERT INTO `shopbuy_service`.`variant` (`COLOR_ID`, `SIZE_ID`, `PRODUCT_ID`) VALUES ('3', '1', '13');
INSERT INTO `shopbuy_service`.`variant` (`COLOR_ID`, `SIZE_ID`, `PRODUCT_ID`) VALUES ('1', '1', '14');
INSERT INTO `shopbuy_service`.`variant` (`COLOR_ID`, `SIZE_ID`, `PRODUCT_ID`) VALUES ('3', '1', '14');
INSERT INTO `shopbuy_service`.`variant` (`COLOR_ID`, `SIZE_ID`, `PRODUCT_ID`) VALUES ('4', '2', '14');
INSERT INTO `shopbuy_service`.`variant` (`COLOR_ID`, `SIZE_ID`, `PRODUCT_ID`) VALUES ('1', '1', '15');
INSERT INTO `shopbuy_service`.`variant` (`COLOR_ID`, `SIZE_ID`, `PRODUCT_ID`) VALUES ('4', '2', '15');
INSERT INTO `shopbuy_service`.`variant` (`COLOR_ID`, `SIZE_ID`, `PRODUCT_ID`) VALUES ('5', '3', '15');
INSERT INTO `shopbuy_service`.`variant` (`COLOR_ID`, `SIZE_ID`, `PRODUCT_ID`) VALUES ('1', '1', '16');
INSERT INTO `shopbuy_service`.`variant` (`COLOR_ID`, `SIZE_ID`, `PRODUCT_ID`) VALUES ('2', '2', '16');
INSERT INTO `shopbuy_service`.`variant` (`COLOR_ID`, `SIZE_ID`, `PRODUCT_ID`) VALUES ('4', '3', '16');
INSERT INTO `shopbuy_service`.`variant` (`COLOR_ID`, `SIZE_ID`, `PRODUCT_ID`) VALUES ('1', '7', '17');
INSERT INTO `shopbuy_service`.`variant` (`COLOR_ID`, `SIZE_ID`, `PRODUCT_ID`) VALUES ('3', '8', '17');
INSERT INTO `shopbuy_service`.`variant` (`COLOR_ID`, `SIZE_ID`, `PRODUCT_ID`) VALUES ('4', '9', '17');
INSERT INTO `shopbuy_service`.`variant` (`COLOR_ID`, `SIZE_ID`, `PRODUCT_ID`) VALUES ('1', '7', '18');
INSERT INTO `shopbuy_service`.`variant` (`COLOR_ID`, `SIZE_ID`, `PRODUCT_ID`) VALUES ('2', '8', '18');
INSERT INTO `shopbuy_service`.`variant` (`COLOR_ID`, `SIZE_ID`, `PRODUCT_ID`) VALUES ('3', '8', '18');
INSERT INTO `shopbuy_service`.`variant` (`COLOR_ID`, `SIZE_ID`, `PRODUCT_ID`) VALUES ('1', '8', '19');
INSERT INTO `shopbuy_service`.`variant` (`COLOR_ID`, `SIZE_ID`, `PRODUCT_ID`) VALUES ('2', '8', '19');
INSERT INTO `shopbuy_service`.`variant` (`COLOR_ID`, `SIZE_ID`, `PRODUCT_ID`) VALUES ('2', '9', '19');
INSERT INTO `shopbuy_service`.`variant` (`COLOR_ID`, `SIZE_ID`, `PRODUCT_ID`) VALUES ('1', '7', '20');
INSERT INTO `shopbuy_service`.`variant` (`COLOR_ID`, `SIZE_ID`, `PRODUCT_ID`) VALUES ('2', '9', '20');
INSERT INTO `shopbuy_service`.`variant` (`COLOR_ID`, `SIZE_ID`, `PRODUCT_ID`) VALUES ('5', '9', '20');
INSERT INTO `shopbuy_service`.`variant` (`COLOR_ID`, `SIZE_ID`, `PRODUCT_ID`) VALUES ('1', '8', '21');
INSERT INTO `shopbuy_service`.`variant` (`COLOR_ID`, `SIZE_ID`, `PRODUCT_ID`) VALUES ('3', '8', '21');
INSERT INTO `shopbuy_service`.`variant` (`COLOR_ID`, `SIZE_ID`, `PRODUCT_ID`) VALUES ('4', '9', '21');

INSERT INTO `shopbuy_service`.`variant` (`COLOR_ID`, `SIZE_ID`, `PRODUCT_ID`) VALUES ('1', '7', '22');
INSERT INTO `shopbuy_service`.`variant` (`COLOR_ID`, `SIZE_ID`, `PRODUCT_ID`) VALUES ('2', '7', '22');
INSERT INTO `shopbuy_service`.`variant` (`COLOR_ID`, `SIZE_ID`, `PRODUCT_ID`) VALUES ('3', '7', '22');
INSERT INTO `shopbuy_service`.`variant` (`COLOR_ID`, `SIZE_ID`, `PRODUCT_ID`) VALUES ('4', '8', '22');
INSERT INTO `shopbuy_service`.`variant` (`COLOR_ID`, `SIZE_ID`, `PRODUCT_ID`) VALUES ('5', '7', '23');
INSERT INTO `shopbuy_service`.`variant` (`COLOR_ID`, `SIZE_ID`, `PRODUCT_ID`) VALUES ('6', '8', '23');
INSERT INTO `shopbuy_service`.`variant` (`COLOR_ID`, `SIZE_ID`, `PRODUCT_ID`) VALUES ('1', '9', '23');
INSERT INTO `shopbuy_service`.`variant` (`COLOR_ID`, `SIZE_ID`, `PRODUCT_ID`) VALUES ('2', '9', '23');
INSERT INTO `shopbuy_service`.`variant` (`COLOR_ID`, `SIZE_ID`, `PRODUCT_ID`) VALUES ('3', '8', '24');
INSERT INTO `shopbuy_service`.`variant` (`COLOR_ID`, `SIZE_ID`, `PRODUCT_ID`) VALUES ('4', '8', '24');
INSERT INTO `shopbuy_service`.`variant` (`COLOR_ID`, `SIZE_ID`, `PRODUCT_ID`) VALUES ('5', '9', '24');
INSERT INTO `shopbuy_service`.`variant` (`COLOR_ID`, `SIZE_ID`, `PRODUCT_ID`) VALUES ('6', '9', '24');
INSERT INTO `shopbuy_service`.`variant` (`COLOR_ID`, `SIZE_ID`, `PRODUCT_ID`) VALUES ('1', '7', '25');
INSERT INTO `shopbuy_service`.`variant` (`COLOR_ID`, `SIZE_ID`, `PRODUCT_ID`) VALUES ('2', '8', '25');
INSERT INTO `shopbuy_service`.`variant` (`COLOR_ID`, `SIZE_ID`, `PRODUCT_ID`) VALUES ('3', '9', '25');
INSERT INTO `shopbuy_service`.`variant` (`COLOR_ID`, `SIZE_ID`, `PRODUCT_ID`) VALUES ('4', '9', '25');
INSERT INTO `shopbuy_service`.`variant` (`COLOR_ID`, `SIZE_ID`, `PRODUCT_ID`) VALUES ('5', '7', '26');
INSERT INTO `shopbuy_service`.`variant` (`COLOR_ID`, `SIZE_ID`, `PRODUCT_ID`) VALUES ('6', '7', '26');
INSERT INTO `shopbuy_service`.`variant` (`COLOR_ID`, `SIZE_ID`, `PRODUCT_ID`) VALUES ('1', '8', '26');
INSERT INTO `shopbuy_service`.`variant` (`COLOR_ID`, `SIZE_ID`, `PRODUCT_ID`) VALUES ('2', '8', '26');
INSERT INTO `shopbuy_service`.`variant` (`COLOR_ID`, `SIZE_ID`, `PRODUCT_ID`) VALUES ('3', '7', '27');
INSERT INTO `shopbuy_service`.`variant` (`COLOR_ID`, `SIZE_ID`, `PRODUCT_ID`) VALUES ('4', '8', '27');
INSERT INTO `shopbuy_service`.`variant` (`COLOR_ID`, `SIZE_ID`, `PRODUCT_ID`) VALUES ('5', '9', '27');
INSERT INTO `shopbuy_service`.`variant` (`COLOR_ID`, `SIZE_ID`, `PRODUCT_ID`) VALUES ('6', '8', '28');
INSERT INTO `shopbuy_service`.`variant` (`COLOR_ID`, `SIZE_ID`, `PRODUCT_ID`) VALUES ('1', '9', '28');
INSERT INTO `shopbuy_service`.`variant` (`COLOR_ID`, `SIZE_ID`, `PRODUCT_ID`) VALUES ('2', '9', '28');
INSERT INTO `shopbuy_service`.`variant` (`COLOR_ID`, `SIZE_ID`, `PRODUCT_ID`) VALUES ('3', '7', '29');
INSERT INTO `shopbuy_service`.`variant` (`COLOR_ID`, `SIZE_ID`, `PRODUCT_ID`) VALUES ('4', '9', '29');
INSERT INTO `shopbuy_service`.`variant` (`COLOR_ID`, `SIZE_ID`, `PRODUCT_ID`) VALUES ('5', '9', '29');
INSERT INTO `shopbuy_service`.`variant` (`COLOR_ID`, `SIZE_ID`, `PRODUCT_ID`) VALUES ('6', '9', '29');
INSERT INTO `shopbuy_service`.`variant` (`COLOR_ID`, `SIZE_ID`, `PRODUCT_ID`) VALUES ('1', '7', '30');
INSERT INTO `shopbuy_service`.`variant` (`COLOR_ID`, `SIZE_ID`, `PRODUCT_ID`) VALUES ('2', '8', '30');
INSERT INTO `shopbuy_service`.`variant` (`COLOR_ID`, `SIZE_ID`, `PRODUCT_ID`) VALUES ('3', '9', '30');
INSERT INTO `shopbuy_service`.`variant` (`COLOR_ID`, `SIZE_ID`, `PRODUCT_ID`) VALUES ('4', '7', '30');
INSERT INTO `shopbuy_service`.`variant` (`COLOR_ID`, `SIZE_ID`, `PRODUCT_ID`) VALUES ('5', '7', '31');
INSERT INTO `shopbuy_service`.`variant` (`COLOR_ID`, `SIZE_ID`, `PRODUCT_ID`) VALUES ('2', '8', '31');
INSERT INTO `shopbuy_service`.`variant` (`COLOR_ID`, `SIZE_ID`, `PRODUCT_ID`) VALUES ('3', '9', '31');
INSERT INTO `shopbuy_service`.`variant` (`COLOR_ID`, `SIZE_ID`, `PRODUCT_ID`) VALUES ('4', '9', '31');
INSERT INTO `shopbuy_service`.`variant` (`COLOR_ID`, `SIZE_ID`, `PRODUCT_ID`) VALUES ('4', '7', '32');
INSERT INTO `shopbuy_service`.`variant` (`COLOR_ID`, `SIZE_ID`, `PRODUCT_ID`) VALUES ('5', '8', '32');
INSERT INTO `shopbuy_service`.`variant` (`COLOR_ID`, `SIZE_ID`, `PRODUCT_ID`) VALUES ('6', '9', '32');
INSERT INTO `shopbuy_service`.`variant` (`COLOR_ID`, `SIZE_ID`, `PRODUCT_ID`) VALUES ('1', '7', '33');
INSERT INTO `shopbuy_service`.`variant` (`COLOR_ID`, `SIZE_ID`, `PRODUCT_ID`) VALUES ('2', '8', '33');
INSERT INTO `shopbuy_service`.`variant` (`COLOR_ID`, `SIZE_ID`, `PRODUCT_ID`) VALUES ('3', '9', '33');
INSERT INTO `shopbuy_service`.`variant` (`COLOR_ID`, `SIZE_ID`, `PRODUCT_ID`) VALUES ('4', '7', '34');
INSERT INTO `shopbuy_service`.`variant` (`COLOR_ID`, `SIZE_ID`, `PRODUCT_ID`) VALUES ('5', '8', '34');
INSERT INTO `shopbuy_service`.`variant` (`COLOR_ID`, `SIZE_ID`, `PRODUCT_ID`) VALUES ('6', '9', '34');
INSERT INTO `shopbuy_service`.`variant` (`COLOR_ID`, `SIZE_ID`, `PRODUCT_ID`) VALUES ('1', '7', '35');
INSERT INTO `shopbuy_service`.`variant` (`COLOR_ID`, `SIZE_ID`, `PRODUCT_ID`) VALUES ('2', '8', '35');
INSERT INTO `shopbuy_service`.`variant` (`COLOR_ID`, `SIZE_ID`, `PRODUCT_ID`) VALUES ('3', '9', '35');
INSERT INTO `shopbuy_service`.`variant` (`COLOR_ID`, `SIZE_ID`, `PRODUCT_ID`) VALUES ('4', '7', '36');
INSERT INTO `shopbuy_service`.`variant` (`COLOR_ID`, `SIZE_ID`, `PRODUCT_ID`) VALUES ('5', '8', '36');
INSERT INTO `shopbuy_service`.`variant` (`COLOR_ID`, `SIZE_ID`, `PRODUCT_ID`) VALUES ('6', '9', '36');
INSERT INTO `shopbuy_service`.`variant` (`COLOR_ID`, `SIZE_ID`, `PRODUCT_ID`) VALUES ('1', '7', '37');
INSERT INTO `shopbuy_service`.`variant` (`COLOR_ID`, `SIZE_ID`, `PRODUCT_ID`) VALUES ('2', '8', '37');
INSERT INTO `shopbuy_service`.`variant` (`COLOR_ID`, `SIZE_ID`, `PRODUCT_ID`) VALUES ('3', '9', '38');
INSERT INTO `shopbuy_service`.`variant` (`COLOR_ID`, `SIZE_ID`, `PRODUCT_ID`) VALUES ('4', '7', '38');
INSERT INTO `shopbuy_service`.`variant` (`COLOR_ID`, `SIZE_ID`, `PRODUCT_ID`) VALUES ('5', '8', '39');
INSERT INTO `shopbuy_service`.`variant` (`COLOR_ID`, `SIZE_ID`, `PRODUCT_ID`) VALUES ('6', '9', '39');
INSERT INTO `shopbuy_service`.`variant` (`COLOR_ID`, `SIZE_ID`, `PRODUCT_ID`) VALUES ('1', '7', '40');
INSERT INTO `shopbuy_service`.`variant` (`COLOR_ID`, `SIZE_ID`, `PRODUCT_ID`) VALUES ('2', '8', '40');
INSERT INTO `shopbuy_service`.`variant` (`COLOR_ID`, `SIZE_ID`, `PRODUCT_ID`) VALUES ('3', '9', '41');
INSERT INTO `shopbuy_service`.`variant` (`COLOR_ID`, `SIZE_ID`, `PRODUCT_ID`) VALUES ('4', '7', '41');
INSERT INTO `shopbuy_service`.`variant` (`COLOR_ID`, `SIZE_ID`, `PRODUCT_ID`) VALUES ('5', '8', '42');
INSERT INTO `shopbuy_service`.`variant` (`COLOR_ID`, `SIZE_ID`, `PRODUCT_ID`) VALUES ('6', '9', '42');
INSERT INTO `shopbuy_service`.`variant` (`COLOR_ID`, `SIZE_ID`, `PRODUCT_ID`) VALUES ('1', '7', '43');
INSERT INTO `shopbuy_service`.`variant` (`COLOR_ID`, `SIZE_ID`, `PRODUCT_ID`) VALUES ('2', '8', '43');
INSERT INTO `shopbuy_service`.`variant` (`COLOR_ID`, `SIZE_ID`, `PRODUCT_ID`) VALUES ('3', '9', '44');
INSERT INTO `shopbuy_service`.`variant` (`COLOR_ID`, `SIZE_ID`, `PRODUCT_ID`) VALUES ('4', '7', '44');
INSERT INTO `shopbuy_service`.`variant` (`COLOR_ID`, `SIZE_ID`, `PRODUCT_ID`) VALUES ('5', '8', '45');
INSERT INTO `shopbuy_service`.`variant` (`COLOR_ID`, `SIZE_ID`, `PRODUCT_ID`) VALUES ('6', '9', '45');
INSERT INTO `shopbuy_service`.`variant` (`COLOR_ID`, `SIZE_ID`, `PRODUCT_ID`) VALUES ('1', '7', '45');
INSERT INTO `shopbuy_service`.`variant` (`COLOR_ID`, `SIZE_ID`, `PRODUCT_ID`) VALUES ('2', '8', '46');
INSERT INTO `shopbuy_service`.`variant` (`COLOR_ID`, `SIZE_ID`, `PRODUCT_ID`) VALUES ('3', '9', '46');
INSERT INTO `shopbuy_service`.`variant` (`COLOR_ID`, `SIZE_ID`, `PRODUCT_ID`) VALUES ('4', '7', '47');
INSERT INTO `shopbuy_service`.`variant` (`COLOR_ID`, `SIZE_ID`, `PRODUCT_ID`) VALUES ('5', '8', '47');
INSERT INTO `shopbuy_service`.`variant` (`COLOR_ID`, `SIZE_ID`, `PRODUCT_ID`) VALUES ('6', '9', '48');
INSERT INTO `shopbuy_service`.`variant` (`COLOR_ID`, `SIZE_ID`, `PRODUCT_ID`) VALUES ('1', '7', '48');
INSERT INTO `shopbuy_service`.`variant` (`COLOR_ID`, `SIZE_ID`, `PRODUCT_ID`) VALUES ('2', '8', '49');
INSERT INTO `shopbuy_service`.`variant` (`COLOR_ID`, `SIZE_ID`, `PRODUCT_ID`) VALUES ('3', '9', '49');
INSERT INTO `shopbuy_service`.`variant` (`COLOR_ID`, `SIZE_ID`, `PRODUCT_ID`) VALUES ('4', '7', '50');
INSERT INTO `shopbuy_service`.`variant` (`COLOR_ID`, `SIZE_ID`, `PRODUCT_ID`) VALUES ('5', '8', '50');
INSERT INTO `shopbuy_service`.`variant` (`COLOR_ID`, `SIZE_ID`, `PRODUCT_ID`) VALUES ('6', '9', '51');
INSERT INTO `shopbuy_service`.`variant` (`COLOR_ID`, `SIZE_ID`, `PRODUCT_ID`) VALUES ('1', '7', '51');
INSERT INTO `shopbuy_service`.`variant` (`COLOR_ID`, `SIZE_ID`, `PRODUCT_ID`) VALUES ('2', '8', '51');
INSERT INTO `shopbuy_service`.`variant` (`COLOR_ID`, `SIZE_ID`, `PRODUCT_ID`) VALUES ('3', '9', '52');
INSERT INTO `shopbuy_service`.`variant` (`COLOR_ID`, `SIZE_ID`, `PRODUCT_ID`) VALUES ('4', '7', '52');
INSERT INTO `shopbuy_service`.`variant` (`COLOR_ID`, `SIZE_ID`, `PRODUCT_ID`) VALUES ('5', '8', '52');
INSERT INTO `shopbuy_service`.`variant` (`COLOR_ID`, `SIZE_ID`, `PRODUCT_ID`) VALUES ('6', '9', '53');
INSERT INTO `shopbuy_service`.`variant` (`COLOR_ID`, `SIZE_ID`, `PRODUCT_ID`) VALUES ('1', '7', '53');
INSERT INTO `shopbuy_service`.`variant` (`COLOR_ID`, `SIZE_ID`, `PRODUCT_ID`) VALUES ('2', '8', '53');
INSERT INTO `shopbuy_service`.`variant` (`COLOR_ID`, `SIZE_ID`, `PRODUCT_ID`) VALUES ('3', '9', '54');
INSERT INTO `shopbuy_service`.`variant` (`COLOR_ID`, `SIZE_ID`, `PRODUCT_ID`) VALUES ('4', '7', '54');
INSERT INTO `shopbuy_service`.`variant` (`COLOR_ID`, `SIZE_ID`, `PRODUCT_ID`) VALUES ('5', '8', '54');
INSERT INTO `shopbuy_service`.`variant` (`COLOR_ID`, `SIZE_ID`, `PRODUCT_ID`) VALUES ('6', '9', '55');
INSERT INTO `shopbuy_service`.`variant` (`COLOR_ID`, `SIZE_ID`, `PRODUCT_ID`) VALUES ('1', '7', '55');
INSERT INTO `shopbuy_service`.`variant` (`COLOR_ID`, `SIZE_ID`, `PRODUCT_ID`) VALUES ('2', '8', '55');
INSERT INTO `shopbuy_service`.`variant` (`COLOR_ID`, `SIZE_ID`, `PRODUCT_ID`) VALUES ('3', '9', '56');
INSERT INTO `shopbuy_service`.`variant` (`COLOR_ID`, `SIZE_ID`, `PRODUCT_ID`) VALUES ('4', '7', '56');
INSERT INTO `shopbuy_service`.`variant` (`COLOR_ID`, `SIZE_ID`, `PRODUCT_ID`) VALUES ('5', '8', '56');

INSERT INTO `shopbuy_service`.`variant` (`COLOR_ID`, `SIZE_ID`, `PRODUCT_ID`) VALUES ('1', '4', '57');
INSERT INTO `shopbuy_service`.`variant` (`COLOR_ID`, `SIZE_ID`, `PRODUCT_ID`) VALUES ('2', '5', '57');
INSERT INTO `shopbuy_service`.`variant` (`COLOR_ID`, `SIZE_ID`, `PRODUCT_ID`) VALUES ('3', '6', '57');
INSERT INTO `shopbuy_service`.`variant` (`COLOR_ID`, `SIZE_ID`, `PRODUCT_ID`) VALUES ('4', '4', '58');
INSERT INTO `shopbuy_service`.`variant` (`COLOR_ID`, `SIZE_ID`, `PRODUCT_ID`) VALUES ('1', '5', '58');
INSERT INTO `shopbuy_service`.`variant` (`COLOR_ID`, `SIZE_ID`, `PRODUCT_ID`) VALUES ('2', '6', '58');
INSERT INTO `shopbuy_service`.`variant` (`COLOR_ID`, `SIZE_ID`, `PRODUCT_ID`) VALUES ('3', '4', '59');
INSERT INTO `shopbuy_service`.`variant` (`COLOR_ID`, `SIZE_ID`, `PRODUCT_ID`) VALUES ('4', '5', '59');
INSERT INTO `shopbuy_service`.`variant` (`COLOR_ID`, `SIZE_ID`, `PRODUCT_ID`) VALUES ('1', '6', '59');
INSERT INTO `shopbuy_service`.`variant` (`COLOR_ID`, `SIZE_ID`, `PRODUCT_ID`) VALUES ('2', '4', '60');
INSERT INTO `shopbuy_service`.`variant` (`COLOR_ID`, `SIZE_ID`, `PRODUCT_ID`) VALUES ('2', '5', '60');
INSERT INTO `shopbuy_service`.`variant` (`COLOR_ID`, `SIZE_ID`, `PRODUCT_ID`) VALUES ('3', '5', '60');
INSERT INTO `shopbuy_service`.`variant` (`COLOR_ID`, `SIZE_ID`, `PRODUCT_ID`) VALUES ('3', '4', '61');
INSERT INTO `shopbuy_service`.`variant` (`COLOR_ID`, `SIZE_ID`, `PRODUCT_ID`) VALUES ('4', '6', '61');
INSERT INTO `shopbuy_service`.`variant` (`COLOR_ID`, `SIZE_ID`, `PRODUCT_ID`) VALUES ('1', '6', '61');
INSERT INTO `shopbuy_service`.`variant` (`COLOR_ID`, `SIZE_ID`, `PRODUCT_ID`) VALUES ('2', '4', '62');
INSERT INTO `shopbuy_service`.`variant` (`COLOR_ID`, `SIZE_ID`, `PRODUCT_ID`) VALUES ('3', '5', '62');
INSERT INTO `shopbuy_service`.`variant` (`COLOR_ID`, `SIZE_ID`, `PRODUCT_ID`) VALUES ('4', '6', '62');
INSERT INTO `shopbuy_service`.`variant` (`COLOR_ID`, `SIZE_ID`, `PRODUCT_ID`) VALUES ('1', '4', '63');
INSERT INTO `shopbuy_service`.`variant` (`COLOR_ID`, `SIZE_ID`, `PRODUCT_ID`) VALUES ('2', '5', '63');
INSERT INTO `shopbuy_service`.`variant` (`COLOR_ID`, `SIZE_ID`, `PRODUCT_ID`) VALUES ('3', '6', '63');
INSERT INTO `shopbuy_service`.`variant` (`COLOR_ID`, `SIZE_ID`, `PRODUCT_ID`) VALUES ('4', '4', '64');
INSERT INTO `shopbuy_service`.`variant` (`COLOR_ID`, `SIZE_ID`, `PRODUCT_ID`) VALUES ('1', '5', '64');
INSERT INTO `shopbuy_service`.`variant` (`COLOR_ID`, `SIZE_ID`, `PRODUCT_ID`) VALUES ('2', '6', '64');
INSERT INTO `shopbuy_service`.`variant` (`COLOR_ID`, `SIZE_ID`, `PRODUCT_ID`) VALUES ('3', '4', '65');
INSERT INTO `shopbuy_service`.`variant` (`COLOR_ID`, `SIZE_ID`, `PRODUCT_ID`) VALUES ('4', '6', '65');
INSERT INTO `shopbuy_service`.`variant` (`COLOR_ID`, `SIZE_ID`, `PRODUCT_ID`) VALUES ('1', '6', '65');
INSERT INTO `shopbuy_service`.`variant` (`COLOR_ID`, `SIZE_ID`, `PRODUCT_ID`) VALUES ('2', '5', '66');
INSERT INTO `shopbuy_service`.`variant` (`COLOR_ID`, `SIZE_ID`, `PRODUCT_ID`) VALUES ('3', '6', '66');
INSERT INTO `shopbuy_service`.`variant` (`COLOR_ID`, `SIZE_ID`, `PRODUCT_ID`) VALUES ('4', '6', '66');
INSERT INTO `shopbuy_service`.`variant` (`COLOR_ID`, `SIZE_ID`, `PRODUCT_ID`) VALUES ('1', '4', '67');
INSERT INTO `shopbuy_service`.`variant` (`COLOR_ID`, `SIZE_ID`, `PRODUCT_ID`) VALUES ('2', '5', '67');
INSERT INTO `shopbuy_service`.`variant` (`COLOR_ID`, `SIZE_ID`, `PRODUCT_ID`) VALUES ('3', '6', '68');
INSERT INTO `shopbuy_service`.`variant` (`COLOR_ID`, `SIZE_ID`, `PRODUCT_ID`) VALUES ('4', '4', '68');
INSERT INTO `shopbuy_service`.`variant` (`COLOR_ID`, `SIZE_ID`, `PRODUCT_ID`) VALUES ('1', '5', '68');
INSERT INTO `shopbuy_service`.`variant` (`COLOR_ID`, `SIZE_ID`, `PRODUCT_ID`) VALUES ('2', '6', '69');
INSERT INTO `shopbuy_service`.`variant` (`COLOR_ID`, `SIZE_ID`, `PRODUCT_ID`) VALUES ('3', '4', '69');
INSERT INTO `shopbuy_service`.`variant` (`COLOR_ID`, `SIZE_ID`, `PRODUCT_ID`) VALUES ('4', '6', '69');
INSERT INTO `shopbuy_service`.`variant` (`COLOR_ID`, `SIZE_ID`, `PRODUCT_ID`) VALUES ('1', '4', '70');
INSERT INTO `shopbuy_service`.`variant` (`COLOR_ID`, `SIZE_ID`, `PRODUCT_ID`) VALUES ('2', '5', '70');
INSERT INTO `shopbuy_service`.`variant` (`COLOR_ID`, `SIZE_ID`, `PRODUCT_ID`) VALUES ('3', '6', '70');
INSERT INTO `shopbuy_service`.`variant` (`COLOR_ID`, `SIZE_ID`, `PRODUCT_ID`) VALUES ('4', '4', '71');
INSERT INTO `shopbuy_service`.`variant` (`COLOR_ID`, `SIZE_ID`, `PRODUCT_ID`) VALUES ('1', '5', '71');
INSERT INTO `shopbuy_service`.`variant` (`COLOR_ID`, `SIZE_ID`, `PRODUCT_ID`) VALUES ('2', '6', '71');
INSERT INTO `shopbuy_service`.`variant` (`COLOR_ID`, `SIZE_ID`, `PRODUCT_ID`) VALUES ('3', '4', '72');
INSERT INTO `shopbuy_service`.`variant` (`COLOR_ID`, `SIZE_ID`, `PRODUCT_ID`) VALUES ('4', '5', '72');
INSERT INTO `shopbuy_service`.`variant` (`COLOR_ID`, `SIZE_ID`, `PRODUCT_ID`) VALUES ('1', '5', '72');

INSERT INTO `shopbuy_service`.`variant` (`COLOR_ID`, `SIZE_ID`, `PRODUCT_ID`) VALUES ('1', '10', '73');
INSERT INTO `shopbuy_service`.`variant` (`COLOR_ID`, `SIZE_ID`, `PRODUCT_ID`) VALUES ('2', '11', '73');
INSERT INTO `shopbuy_service`.`variant` (`COLOR_ID`, `SIZE_ID`, `PRODUCT_ID`) VALUES ('3', '12', '73');
INSERT INTO `shopbuy_service`.`variant` (`COLOR_ID`, `SIZE_ID`, `PRODUCT_ID`) VALUES ('4', '10', '74');
INSERT INTO `shopbuy_service`.`variant` (`COLOR_ID`, `SIZE_ID`, `PRODUCT_ID`) VALUES ('1', '11', '74');
INSERT INTO `shopbuy_service`.`variant` (`COLOR_ID`, `SIZE_ID`, `PRODUCT_ID`) VALUES ('2', '12', '74');
INSERT INTO `shopbuy_service`.`variant` (`COLOR_ID`, `SIZE_ID`, `PRODUCT_ID`) VALUES ('3', '10', '75');
INSERT INTO `shopbuy_service`.`variant` (`COLOR_ID`, `SIZE_ID`, `PRODUCT_ID`) VALUES ('4', '11', '75');
INSERT INTO `shopbuy_service`.`variant` (`COLOR_ID`, `SIZE_ID`, `PRODUCT_ID`) VALUES ('1', '12', '75');
INSERT INTO `shopbuy_service`.`variant` (`COLOR_ID`, `SIZE_ID`, `PRODUCT_ID`) VALUES ('2', '10', '76');
INSERT INTO `shopbuy_service`.`variant` (`COLOR_ID`, `SIZE_ID`, `PRODUCT_ID`) VALUES ('3', '11', '76');
INSERT INTO `shopbuy_service`.`variant` (`COLOR_ID`, `SIZE_ID`, `PRODUCT_ID`) VALUES ('4', '12', '76');
INSERT INTO `shopbuy_service`.`variant` (`COLOR_ID`, `SIZE_ID`, `PRODUCT_ID`) VALUES ('1', '10', '77');
INSERT INTO `shopbuy_service`.`variant` (`COLOR_ID`, `SIZE_ID`, `PRODUCT_ID`) VALUES ('2', '11', '77');
INSERT INTO `shopbuy_service`.`variant` (`COLOR_ID`, `SIZE_ID`, `PRODUCT_ID`) VALUES ('3', '11', '77');
INSERT INTO `shopbuy_service`.`variant` (`COLOR_ID`, `SIZE_ID`, `PRODUCT_ID`) VALUES ('4', '10', '78');
INSERT INTO `shopbuy_service`.`variant` (`COLOR_ID`, `SIZE_ID`, `PRODUCT_ID`) VALUES ('1', '12', '78');
INSERT INTO `shopbuy_service`.`variant` (`COLOR_ID`, `SIZE_ID`, `PRODUCT_ID`) VALUES ('2', '12', '78');
INSERT INTO `shopbuy_service`.`variant` (`COLOR_ID`, `SIZE_ID`, `PRODUCT_ID`) VALUES ('3', '11', '79');
INSERT INTO `shopbuy_service`.`variant` (`COLOR_ID`, `SIZE_ID`, `PRODUCT_ID`) VALUES ('4', '11', '79');
INSERT INTO `shopbuy_service`.`variant` (`COLOR_ID`, `SIZE_ID`, `PRODUCT_ID`) VALUES ('1', '12', '79');
INSERT INTO `shopbuy_service`.`variant` (`COLOR_ID`, `SIZE_ID`, `PRODUCT_ID`) VALUES ('2', '10', '80');
INSERT INTO `shopbuy_service`.`variant` (`COLOR_ID`, `SIZE_ID`, `PRODUCT_ID`) VALUES ('3', '11', '80');
INSERT INTO `shopbuy_service`.`variant` (`COLOR_ID`, `SIZE_ID`, `PRODUCT_ID`) VALUES ('4', '12', '80');
--
INSERT INTO `shopbuy_service`.`variant` (`COLOR_ID`, `SIZE_ID`, `PRODUCT_ID`) VALUES ('1', '10', '81');
INSERT INTO `shopbuy_service`.`variant` (`COLOR_ID`, `SIZE_ID`, `PRODUCT_ID`) VALUES ('2', '11', '81');
INSERT INTO `shopbuy_service`.`variant` (`COLOR_ID`, `SIZE_ID`, `PRODUCT_ID`) VALUES ('3', '11', '81');
INSERT INTO `shopbuy_service`.`variant` (`COLOR_ID`, `SIZE_ID`, `PRODUCT_ID`) VALUES ('4', '10', '82');
INSERT INTO `shopbuy_service`.`variant` (`COLOR_ID`, `SIZE_ID`, `PRODUCT_ID`) VALUES ('1', '12', '82');
INSERT INTO `shopbuy_service`.`variant` (`COLOR_ID`, `SIZE_ID`, `PRODUCT_ID`) VALUES ('2', '12', '82');
INSERT INTO `shopbuy_service`.`variant` (`COLOR_ID`, `SIZE_ID`, `PRODUCT_ID`) VALUES ('3', '10', '83');
INSERT INTO `shopbuy_service`.`variant` (`COLOR_ID`, `SIZE_ID`, `PRODUCT_ID`) VALUES ('4', '11', '83');
INSERT INTO `shopbuy_service`.`variant` (`COLOR_ID`, `SIZE_ID`, `PRODUCT_ID`) VALUES ('1', '12', '83');
INSERT INTO `shopbuy_service`.`variant` (`COLOR_ID`, `SIZE_ID`, `PRODUCT_ID`) VALUES ('2', '10', '84');
INSERT INTO `shopbuy_service`.`variant` (`COLOR_ID`, `SIZE_ID`, `PRODUCT_ID`) VALUES ('3', '11', '84');
INSERT INTO `shopbuy_service`.`variant` (`COLOR_ID`, `SIZE_ID`, `PRODUCT_ID`) VALUES ('4', '12', '84');

INSERT INTO `shopbuy_service`.`variant` (`COLOR_ID`, `SIZE_ID`, `PRODUCT_ID`) VALUES ('1', '12', '85');
INSERT INTO `shopbuy_service`.`variant` (`COLOR_ID`, `SIZE_ID`, `PRODUCT_ID`) VALUES ('2', '12', '85');
INSERT INTO `shopbuy_service`.`variant` (`COLOR_ID`, `SIZE_ID`, `PRODUCT_ID`) VALUES ('3', '11', '85');
INSERT INTO `shopbuy_service`.`variant` (`COLOR_ID`, `SIZE_ID`, `PRODUCT_ID`) VALUES ('4', '10', '86');
INSERT INTO `shopbuy_service`.`variant` (`COLOR_ID`, `SIZE_ID`, `PRODUCT_ID`) VALUES ('1', '11', '86');
INSERT INTO `shopbuy_service`.`variant` (`COLOR_ID`, `SIZE_ID`, `PRODUCT_ID`) VALUES ('2', '12', '86');
INSERT INTO `shopbuy_service`.`variant` (`COLOR_ID`, `SIZE_ID`, `PRODUCT_ID`) VALUES ('3', '10', '87');
INSERT INTO `shopbuy_service`.`variant` (`COLOR_ID`, `SIZE_ID`, `PRODUCT_ID`) VALUES ('4', '11', '87');
INSERT INTO `shopbuy_service`.`variant` (`COLOR_ID`, `SIZE_ID`, `PRODUCT_ID`) VALUES ('1', '12', '87');
INSERT INTO `shopbuy_service`.`variant` (`COLOR_ID`, `SIZE_ID`, `PRODUCT_ID`) VALUES ('2', '10', '88');
INSERT INTO `shopbuy_service`.`variant` (`COLOR_ID`, `SIZE_ID`, `PRODUCT_ID`) VALUES ('3', '11', '88');
INSERT INTO `shopbuy_service`.`variant` (`COLOR_ID`, `SIZE_ID`, `PRODUCT_ID`) VALUES ('4', '12', '88');
INSERT INTO `shopbuy_service`.`variant` (`COLOR_ID`, `SIZE_ID`, `PRODUCT_ID`) VALUES ('1', '10', '89');
INSERT INTO `shopbuy_service`.`variant` (`COLOR_ID`, `SIZE_ID`, `PRODUCT_ID`) VALUES ('2', '11', '89');

INSERT INTO `shopbuy_service`.`variant` (`COLOR_ID`, `SIZE_ID`, `PRODUCT_ID`) VALUES ('3', '12', '90');
INSERT INTO `shopbuy_service`.`variant` (`COLOR_ID`, `SIZE_ID`, `PRODUCT_ID`) VALUES ('4', '10', '90');
INSERT INTO `shopbuy_service`.`variant` (`COLOR_ID`, `SIZE_ID`, `PRODUCT_ID`) VALUES ('1', '11', '91');
INSERT INTO `shopbuy_service`.`variant` (`COLOR_ID`, `SIZE_ID`, `PRODUCT_ID`) VALUES ('2', '12', '91');
INSERT INTO `shopbuy_service`.`variant` (`COLOR_ID`, `SIZE_ID`, `PRODUCT_ID`) VALUES ('3', '10', '92');
INSERT INTO `shopbuy_service`.`variant` (`COLOR_ID`, `SIZE_ID`, `PRODUCT_ID`) VALUES ('4', '11', '92');
INSERT INTO `shopbuy_service`.`variant` (`COLOR_ID`, `SIZE_ID`, `PRODUCT_ID`) VALUES ('1', '12', '93');
INSERT INTO `shopbuy_service`.`variant` (`COLOR_ID`, `SIZE_ID`, `PRODUCT_ID`) VALUES ('2', '10', '93');
INSERT INTO `shopbuy_service`.`variant` (`COLOR_ID`, `SIZE_ID`, `PRODUCT_ID`) VALUES ('3', '11', '94');
INSERT INTO `shopbuy_service`.`variant` (`COLOR_ID`, `SIZE_ID`, `PRODUCT_ID`) VALUES ('4', '12', '94');
INSERT INTO `shopbuy_service`.`variant` (`COLOR_ID`, `SIZE_ID`, `PRODUCT_ID`) VALUES ('1', '10', '94');
INSERT INTO `shopbuy_service`.`variant` (`COLOR_ID`, `SIZE_ID`, `PRODUCT_ID`) VALUES ('2', '11', '95');
INSERT INTO `shopbuy_service`.`variant` (`COLOR_ID`, `SIZE_ID`, `PRODUCT_ID`) VALUES ('3', '12', '95');
INSERT INTO `shopbuy_service`.`variant` (`COLOR_ID`, `SIZE_ID`, `PRODUCT_ID`) VALUES ('4', '11', '96');
INSERT INTO `shopbuy_service`.`variant` (`COLOR_ID`, `SIZE_ID`, `PRODUCT_ID`) VALUES ('1', '12', '96');
INSERT INTO `shopbuy_service`.`variant` (`COLOR_ID`, `SIZE_ID`, `PRODUCT_ID`) VALUES ('2', '4', '97');
INSERT INTO `shopbuy_service`.`variant` (`COLOR_ID`, `SIZE_ID`, `PRODUCT_ID`) VALUES ('3', '5', '97');
INSERT INTO `shopbuy_service`.`variant` (`COLOR_ID`, `SIZE_ID`, `PRODUCT_ID`) VALUES ('4', '6', '98');
INSERT INTO `shopbuy_service`.`variant` (`COLOR_ID`, `SIZE_ID`, `PRODUCT_ID`) VALUES ('1', '4', '98');
INSERT INTO `shopbuy_service`.`variant` (`COLOR_ID`, `SIZE_ID`, `PRODUCT_ID`) VALUES ('1', '5', '99');
INSERT INTO `shopbuy_service`.`variant` (`COLOR_ID`, `SIZE_ID`, `PRODUCT_ID`) VALUES ('2', '6', '99');
INSERT INTO `shopbuy_service`.`variant` (`COLOR_ID`, `SIZE_ID`, `PRODUCT_ID`) VALUES ('3', '4', '99');
INSERT INTO `shopbuy_service`.`variant` (`COLOR_ID`, `SIZE_ID`, `PRODUCT_ID`) VALUES ('4', '5', '100');
INSERT INTO `shopbuy_service`.`variant` (`COLOR_ID`, `SIZE_ID`, `PRODUCT_ID`) VALUES ('1', '6', '100');
INSERT INTO `shopbuy_service`.`variant` (`COLOR_ID`, `SIZE_ID`, `PRODUCT_ID`) VALUES ('2', '4', '101');
INSERT INTO `shopbuy_service`.`variant` (`COLOR_ID`, `SIZE_ID`, `PRODUCT_ID`) VALUES ('3', '5', '101');
INSERT INTO `shopbuy_service`.`variant` (`COLOR_ID`, `SIZE_ID`, `PRODUCT_ID`) VALUES ('4', '6', '102');
INSERT INTO `shopbuy_service`.`variant` (`COLOR_ID`, `SIZE_ID`, `PRODUCT_ID`) VALUES ('1', '4', '102');
INSERT INTO `shopbuy_service`.`variant` (`COLOR_ID`, `SIZE_ID`, `PRODUCT_ID`) VALUES ('2', '5', '103');
INSERT INTO `shopbuy_service`.`variant` (`COLOR_ID`, `SIZE_ID`, `PRODUCT_ID`) VALUES ('3', '6', '103');
INSERT INTO `shopbuy_service`.`variant` (`COLOR_ID`, `SIZE_ID`, `PRODUCT_ID`) VALUES ('4', '4', '104');
INSERT INTO `shopbuy_service`.`variant` (`COLOR_ID`, `SIZE_ID`, `PRODUCT_ID`) VALUES ('1', '5', '104');
INSERT INTO `shopbuy_service`.`variant` (`COLOR_ID`, `SIZE_ID`, `PRODUCT_ID`) VALUES ('2', '6', '105');
INSERT INTO `shopbuy_service`.`variant` (`COLOR_ID`, `SIZE_ID`, `PRODUCT_ID`) VALUES ('3', '4', '105');
INSERT INTO `shopbuy_service`.`variant` (`COLOR_ID`, `SIZE_ID`, `PRODUCT_ID`) VALUES ('4', '5', '106');
INSERT INTO `shopbuy_service`.`variant` (`COLOR_ID`, `SIZE_ID`, `PRODUCT_ID`) VALUES ('1', '6', '106');
INSERT INTO `shopbuy_service`.`variant` (`COLOR_ID`, `SIZE_ID`, `PRODUCT_ID`) VALUES ('2', '4', '107');
INSERT INTO `shopbuy_service`.`variant` (`COLOR_ID`, `SIZE_ID`, `PRODUCT_ID`) VALUES ('3', '5', '107');
INSERT INTO `shopbuy_service`.`variant` (`COLOR_ID`, `SIZE_ID`, `PRODUCT_ID`) VALUES ('1', '6', '108');
INSERT INTO `shopbuy_service`.`variant` (`COLOR_ID`, `SIZE_ID`, `PRODUCT_ID`) VALUES ('2', '4', '108');
INSERT INTO `shopbuy_service`.`variant` (`COLOR_ID`, `SIZE_ID`, `PRODUCT_ID`) VALUES ('1', '1', '109');
INSERT INTO `shopbuy_service`.`variant` (`COLOR_ID`, `SIZE_ID`, `PRODUCT_ID`) VALUES ('2', '2', '109');
INSERT INTO `shopbuy_service`.`variant` (`COLOR_ID`, `SIZE_ID`, `PRODUCT_ID`) VALUES ('3', '3', '109');
INSERT INTO `shopbuy_service`.`variant` (`COLOR_ID`, `SIZE_ID`, `PRODUCT_ID`) VALUES ('4', '1', '110');
INSERT INTO `shopbuy_service`.`variant` (`COLOR_ID`, `SIZE_ID`, `PRODUCT_ID`) VALUES ('5', '2', '110');
INSERT INTO `shopbuy_service`.`variant` (`COLOR_ID`, `SIZE_ID`, `PRODUCT_ID`) VALUES ('1', '3', '111');
INSERT INTO `shopbuy_service`.`variant` (`COLOR_ID`, `SIZE_ID`, `PRODUCT_ID`) VALUES ('2', '1', '111');
INSERT INTO `shopbuy_service`.`variant` (`COLOR_ID`, `SIZE_ID`, `PRODUCT_ID`) VALUES ('3', '2', '112');
INSERT INTO `shopbuy_service`.`variant` (`COLOR_ID`, `SIZE_ID`, `PRODUCT_ID`) VALUES ('4', '3', '112');
INSERT INTO `shopbuy_service`.`variant` (`COLOR_ID`, `SIZE_ID`, `PRODUCT_ID`) VALUES ('5', '1', '113');
INSERT INTO `shopbuy_service`.`variant` (`COLOR_ID`, `SIZE_ID`, `PRODUCT_ID`) VALUES ('1', '2', '113');
INSERT INTO `shopbuy_service`.`variant` (`COLOR_ID`, `SIZE_ID`, `PRODUCT_ID`) VALUES ('2', '3', '114');
INSERT INTO `shopbuy_service`.`variant` (`COLOR_ID`, `SIZE_ID`, `PRODUCT_ID`) VALUES ('3', '1', '114');
INSERT INTO `shopbuy_service`.`variant` (`COLOR_ID`, `SIZE_ID`, `PRODUCT_ID`) VALUES ('4', '2', '115');
INSERT INTO `shopbuy_service`.`variant` (`COLOR_ID`, `SIZE_ID`, `PRODUCT_ID`) VALUES ('5', '3', '116');
INSERT INTO `shopbuy_service`.`variant` (`COLOR_ID`, `SIZE_ID`, `PRODUCT_ID`) VALUES ('1', '1', '117');
INSERT INTO `shopbuy_service`.`variant` (`COLOR_ID`, `SIZE_ID`, `PRODUCT_ID`) VALUES ('2', '2', '117');
INSERT INTO `shopbuy_service`.`variant` (`COLOR_ID`, `SIZE_ID`, `PRODUCT_ID`) VALUES ('3', '3', '118');
INSERT INTO `shopbuy_service`.`variant` (`COLOR_ID`, `SIZE_ID`, `PRODUCT_ID`) VALUES ('4', '1', '118');
INSERT INTO `shopbuy_service`.`variant` (`COLOR_ID`, `SIZE_ID`, `PRODUCT_ID`) VALUES ('5', '2', '119');
INSERT INTO `shopbuy_service`.`variant` (`COLOR_ID`, `SIZE_ID`, `PRODUCT_ID`) VALUES ('1', '3', '119');
INSERT INTO `shopbuy_service`.`variant` (`COLOR_ID`, `SIZE_ID`, `PRODUCT_ID`) VALUES ('2', '1', '120');
INSERT INTO `shopbuy_service`.`variant` (`COLOR_ID`, `SIZE_ID`, `PRODUCT_ID`) VALUES ('3', '2', '120');
INSERT INTO `shopbuy_service`.`variant` (`COLOR_ID`, `SIZE_ID`, `PRODUCT_ID`) VALUES ('4', '7', '121');
INSERT INTO `shopbuy_service`.`variant` (`COLOR_ID`, `SIZE_ID`, `PRODUCT_ID`) VALUES ('5', '8', '121');
INSERT INTO `shopbuy_service`.`variant` (`COLOR_ID`, `SIZE_ID`, `PRODUCT_ID`) VALUES ('1', '9', '122');
INSERT INTO `shopbuy_service`.`variant` (`COLOR_ID`, `SIZE_ID`, `PRODUCT_ID`) VALUES ('2', '7', '122');
INSERT INTO `shopbuy_service`.`variant` (`COLOR_ID`, `SIZE_ID`, `PRODUCT_ID`) VALUES ('3', '8', '123');
INSERT INTO `shopbuy_service`.`variant` (`COLOR_ID`, `SIZE_ID`, `PRODUCT_ID`) VALUES ('4', '9', '123');
INSERT INTO `shopbuy_service`.`variant` (`COLOR_ID`, `SIZE_ID`, `PRODUCT_ID`) VALUES ('1', '7', '124');
INSERT INTO `shopbuy_service`.`variant` (`COLOR_ID`, `SIZE_ID`, `PRODUCT_ID`) VALUES ('2', '8', '124');
INSERT INTO `shopbuy_service`.`variant` (`COLOR_ID`, `SIZE_ID`, `PRODUCT_ID`) VALUES ('3', '9', '125');
INSERT INTO `shopbuy_service`.`variant` (`COLOR_ID`, `SIZE_ID`, `PRODUCT_ID`) VALUES ('4', '7', '125');
INSERT INTO `shopbuy_service`.`variant` (`COLOR_ID`, `SIZE_ID`, `PRODUCT_ID`) VALUES ('1', '8', '126');
INSERT INTO `shopbuy_service`.`variant` (`COLOR_ID`, `SIZE_ID`, `PRODUCT_ID`) VALUES ('2', '9', '126');
INSERT INTO `shopbuy_service`.`variant` (`COLOR_ID`, `SIZE_ID`, `PRODUCT_ID`) VALUES ('3', '7', '127');
INSERT INTO `shopbuy_service`.`variant` (`COLOR_ID`, `SIZE_ID`, `PRODUCT_ID`) VALUES ('4', '8', '127');
INSERT INTO `shopbuy_service`.`variant` (`COLOR_ID`, `SIZE_ID`, `PRODUCT_ID`) VALUES ('5', '9', '128');
INSERT INTO `shopbuy_service`.`variant` (`COLOR_ID`, `SIZE_ID`, `PRODUCT_ID`) VALUES ('1', '7', '128');
INSERT INTO `shopbuy_service`.`variant` (`COLOR_ID`, `SIZE_ID`, `PRODUCT_ID`) VALUES ('2', '8', '129');
INSERT INTO `shopbuy_service`.`variant` (`COLOR_ID`, `SIZE_ID`, `PRODUCT_ID`) VALUES ('3', '9', '129');
INSERT INTO `shopbuy_service`.`variant` (`COLOR_ID`, `SIZE_ID`, `PRODUCT_ID`) VALUES ('4', '7', '130');
INSERT INTO `shopbuy_service`.`variant` (`COLOR_ID`, `SIZE_ID`, `PRODUCT_ID`) VALUES ('5', '8', '130');
INSERT INTO `shopbuy_service`.`variant` (`COLOR_ID`, `SIZE_ID`, `PRODUCT_ID`) VALUES ('1', '9', '131');
INSERT INTO `shopbuy_service`.`variant` (`COLOR_ID`, `SIZE_ID`, `PRODUCT_ID`) VALUES ('2', '7', '131');
INSERT INTO `shopbuy_service`.`variant` (`COLOR_ID`, `SIZE_ID`, `PRODUCT_ID`) VALUES ('3', '8', '132');
INSERT INTO `shopbuy_service`.`variant` (`COLOR_ID`, `SIZE_ID`, `PRODUCT_ID`) VALUES ('4', '9', '132');
INSERT INTO `shopbuy_service`.`variant` (`COLOR_ID`, `SIZE_ID`, `PRODUCT_ID`) VALUES ('5', '7', '133');
INSERT INTO `shopbuy_service`.`variant` (`COLOR_ID`, `SIZE_ID`, `PRODUCT_ID`) VALUES ('1', '8', '133');
INSERT INTO `shopbuy_service`.`variant` (`COLOR_ID`, `SIZE_ID`, `PRODUCT_ID`) VALUES ('2', '9', '134');
INSERT INTO `shopbuy_service`.`variant` (`COLOR_ID`, `SIZE_ID`, `PRODUCT_ID`) VALUES ('3', '7', '134');
INSERT INTO `shopbuy_service`.`variant` (`COLOR_ID`, `SIZE_ID`, `PRODUCT_ID`) VALUES ('4', '8', '135');
INSERT INTO `shopbuy_service`.`variant` (`COLOR_ID`, `SIZE_ID`, `PRODUCT_ID`) VALUES ('5', '9', '135');
INSERT INTO `shopbuy_service`.`variant` (`COLOR_ID`, `SIZE_ID`, `PRODUCT_ID`) VALUES ('1', '7', '136');
INSERT INTO `shopbuy_service`.`variant` (`COLOR_ID`, `SIZE_ID`, `PRODUCT_ID`) VALUES ('2', '8', '136');
INSERT INTO `shopbuy_service`.`variant` (`COLOR_ID`, `SIZE_ID`, `PRODUCT_ID`) VALUES ('3', '1', '137');
INSERT INTO `shopbuy_service`.`variant` (`COLOR_ID`, `SIZE_ID`, `PRODUCT_ID`) VALUES ('4', '2', '137');
INSERT INTO `shopbuy_service`.`variant` (`COLOR_ID`, `SIZE_ID`, `PRODUCT_ID`) VALUES ('1', '3', '138');
INSERT INTO `shopbuy_service`.`variant` (`COLOR_ID`, `SIZE_ID`, `PRODUCT_ID`) VALUES ('2', '1', '138');
INSERT INTO `shopbuy_service`.`variant` (`COLOR_ID`, `SIZE_ID`, `PRODUCT_ID`) VALUES ('3', '2', '139');
INSERT INTO `shopbuy_service`.`variant` (`COLOR_ID`, `SIZE_ID`, `PRODUCT_ID`) VALUES ('4', '3', '139');
INSERT INTO `shopbuy_service`.`variant` (`COLOR_ID`, `SIZE_ID`, `PRODUCT_ID`) VALUES ('5', '1', '140');
INSERT INTO `shopbuy_service`.`variant` (`COLOR_ID`, `SIZE_ID`, `PRODUCT_ID`) VALUES ('6', '2', '140');










